{"cameraMode":{"drawMode":0,"name":"Shaded","section":"Shading Mode"},"sceneLighting":true,"audioPlay":false,"sceneViewState":{"showFog":true,"showMaterialUpdate":false,"showSkybox":true,"showFlares":true,"showImageEffects":true,"showParticleSystems":true},"in2DMode":false,"pivot":{"x":-57.20945358276367,"y":32.5013313293457,"z":55.169227600097659},"rotation":{"x":0.14498715102672578,"y":0.8229109644889832,"z":-0.24189865589141847,"w":0.49325698614120486},"size":22.0,"orthographic":false}