{"cameraMode":{"drawMode":0,"name":"Shaded","section":"Shading Mode"},"sceneLighting":true,"audioPlay":false,"sceneViewState":{"showFog":true,"showMaterialUpdate":false,"showSkybox":true,"showFlares":true,"showImageEffects":true,"showParticleSystems":true},"in2DMode":false,"pivot":{"x":-30.967466354370118,"y":16.224163055419923,"z":-232.9492950439453},"rotation":{"x":0.0006530927494168282,"y":-0.9995469450950623,"z":0.006347267888486385,"w":-0.03976185619831085},"size":268.6005554199219,"orthographic":false}