{"cameraMode":{"drawMode":0,"name":"Shaded","section":"Shading Mode"},"sceneLighting":true,"audioPlay":false,"sceneViewState":{"showFog":true,"showMaterialUpdate":false,"showSkybox":false,"showFlares":true,"showImageEffects":true,"showParticleSystems":true},"in2DMode":false,"pivot":{"x":379.5,"y":161.77894592285157,"z":1.0226445198059083},"rotation":{"x":-0.04709288105368614,"y":0.39439329504966738,"z":-0.02033987268805504,"w":-0.9176648855209351},"size":1381.08251953125,"orthographic":false}