{"cameraMode":{"drawMode":0,"name":"Shaded","section":"Shading Mode"},"sceneLighting":false,"audioPlay":false,"sceneViewState":{"showFog":true,"showMaterialUpdate":false,"showSkybox":false,"showFlares":true,"showImageEffects":true,"showParticleSystems":true},"in2DMode":false,"pivot":{"x":-6.280646800994873,"y":-0.3759921193122864,"z":22.327360153198243},"rotation":{"x":0.10313329845666886,"y":-0.19601795077323914,"z":0.020427225157618524,"w":0.9751232266426086},"size":32.51096725463867,"orthographic":false}