{"cameraMode":{"drawMode":0,"name":"Shaded","section":"Shading Mode"},"sceneLighting":false,"audioPlay":false,"sceneViewState":{"showFog":true,"showMaterialUpdate":false,"showSkybox":false,"showFlares":true,"showImageEffects":true,"showParticleSystems":true},"in2DMode":false,"pivot":{"x":-49.91878890991211,"y":23.83464813232422,"z":20.37293243408203},"rotation":{"x":0.06657309830188751,"y":0.9328040480613709,"z":-0.23213021457195283,"w":0.26752105355262759},"size":133.80218505859376,"orthographic":false}