{"cameraMode":{"drawMode":0,"name":"Shaded","section":"Shading Mode"},"sceneLighting":true,"audioPlay":false,"sceneViewState":{"showFog":true,"showMaterialUpdate":false,"showSkybox":true,"showFlares":true,"showImageEffects":true,"showParticleSystems":true},"in2DMode":false,"pivot":{"x":-51.006568908691409,"y":20.521869659423829,"z":10.737142562866211},"rotation":{"x":-0.1513535976409912,"y":-0.6005563735961914,"z":-0.11823956668376923,"w":0.7766736745834351},"size":27.373634338378908,"orthographic":false}