{"cameraMode":{"drawMode":0,"name":"Shaded","section":"Shading Mode"},"sceneLighting":false,"audioPlay":false,"sceneViewState":{"showFog":true,"showMaterialUpdate":false,"showSkybox":false,"showFlares":true,"showImageEffects":true,"showParticleSystems":true},"in2DMode":false,"pivot":{"x":0.01763296127319336,"y":-0.018238574266433717,"z":-0.16502812504768372},"rotation":{"x":-0.04144096001982689,"y":-0.5876649618148804,"z":0.030223723500967027,"w":-0.8075529336929321},"size":1.2212809324264527,"orthographic":false}