{"cameraMode":{"drawMode":0,"name":"Shaded","section":"Shading Mode"},"sceneLighting":false,"audioPlay":false,"sceneViewState":{"showFog":true,"showMaterialUpdate":false,"showSkybox":false,"showFlares":true,"showImageEffects":true,"showParticleSystems":true},"in2DMode":false,"pivot":{"x":-248.75999450683595,"y":5.590000152587891,"z":61.187835693359378},"rotation":{"x":-0.21525715291500092,"y":-0.5144981145858765,"z":0.13486742973327638,"w":-0.8191248178482056},"size":2.8578836917877199,"orthographic":false}