{"cameraMode":{"drawMode":0,"name":"Shaded","section":"Shading Mode"},"sceneLighting":false,"audioPlay":false,"sceneViewState":{"showFog":true,"showMaterialUpdate":false,"showSkybox":false,"showFlares":true,"showImageEffects":true,"showParticleSystems":true},"in2DMode":false,"pivot":{"x":-61.400001525878909,"y":9.859471321105957,"z":19.518606185913087},"rotation":{"x":0.03846585005521774,"y":-0.9580382704734802,"z":0.15450461208820344,"w":0.23844167590141297},"size":8.25108528137207,"orthographic":false}