{"cameraMode":{"drawMode":0,"name":"Shaded","section":"Shading Mode"},"sceneLighting":false,"audioPlay":false,"sceneViewState":{"showFog":true,"showMaterialUpdate":false,"showSkybox":false,"showFlares":true,"showImageEffects":true,"showParticleSystems":true},"in2DMode":false,"pivot":{"x":-31.100000381469728,"y":9.9399995803833,"z":4.28000020980835},"rotation":{"x":0.08415915817022324,"y":0.8080560564994812,"z":-0.11915209144353867,"w":0.5707771182060242},"size":11.81750202178955,"orthographic":false}