{"cameraMode":{"drawMode":0,"name":"Shaded","section":"Shading Mode"},"sceneLighting":false,"audioPlay":false,"sceneViewState":{"showFog":true,"showMaterialUpdate":false,"showSkybox":false,"showFlares":true,"showImageEffects":true,"showParticleSystems":true},"in2DMode":false,"pivot":{"x":-37.30584716796875,"y":2.189561128616333,"z":12.748374938964844},"rotation":{"x":-0.0000966755542322062,"y":-0.9981254935264587,"z":0.06328832358121872,"w":-0.012417668476700783},"size":42.154056549072269,"orthographic":false}