{"cameraMode":{"drawMode":0,"name":"Shaded","section":"Shading Mode"},"sceneLighting":false,"audioPlay":false,"sceneViewState":{"showFog":true,"showMaterialUpdate":false,"showSkybox":false,"showFlares":true,"showImageEffects":true,"showParticleSystems":true},"in2DMode":false,"pivot":{"x":-27.110000610351564,"y":5.519999980926514,"z":63.529998779296878},"rotation":{"x":0.07492663711309433,"y":-0.4000810980796814,"z":0.03284647315740585,"w":0.9128819704055786},"size":15.680388450622559,"orthographic":false}